{"2dc954f5-ce0f-80f9-8003-5887f5ca024a":{"textTransform":"none","fontFamily":"Fira Code","fontStyle":"normal","fontWeight":"500","lineHeight":"1.2","letterSpacing":"0","name":"Fira Code 500","fontVariantId":"500","fontSize":"12","fontId":"gfont-fira-code"},"2dc954f5-ce0f-80f9-8003-58880e48a972":{"textTransform":"none","fontFamily":"Fira Code","fontStyle":"normal","fontWeight":"500","lineHeight":"1.2","letterSpacing":"0","name":"Fira Code 500","fontVariantId":"500","fontSize":"12","fontId":"gfont-fira-code"},"2dc954f5-ce0f-80f9-8003-588818a48b5a":{"textTransform":"none","fontFamily":"Fira Code","fontStyle":"normal","fontWeight":"500","lineHeight":"1.2","letterSpacing":"0","name":"Fira Code 500","fontVariantId":"500","fontSize":"12","fontId":"gfont-fira-code"},"2dc954f5-ce0f-80f9-8003-58881f1af026":{"textTransform":"none","fontFamily":"Fira Code","fontStyle":"normal","fontWeight":"500","lineHeight":"1.2","path":"","letterSpacing":"0","name":"Fira Code 500","fontVariantId":"500","fontSize":"10","fontId":"gfont-fira-code"},"2dc954f5-ce0f-80f9-8003-588849db0c8b":{"textTransform":"none","fontFamily":"Fira Code","fontStyle":"normal","fontWeight":"500","lineHeight":"1.2","path":"","letterSpacing":"0","name":"Fira Code Regular","fontVariantId":"500","fontSize":"10","fontId":"gfont-fira-code"},"2dc954f5-ce0f-80f9-8003-588896c5d001":{"textTransform":"none","fontFamily":"Fira Code","fontStyle":"normal","fontWeight":"500","lineHeight":"1.2","letterSpacing":"0","name":"Fira Code 500","fontVariantId":"500","fontSize":"10","fontId":"gfont-fira-code"}}